sample_id,decision_id,expected,severity,kind,peer_evidence,correct,note
GTS22,d1,label=traffic_sign x3,major,decision,,,
GTS22,d2,relevance=relevant (biển stop bên phải),critical,decision,,,
GTS22,d3,relevance=relevant (biển stop bên trái),critical,decision,,,
GTS22,d4,"geometry: box [439, 401, 488, 452] ôm khít viền bát giác",minor,geometry,,,
GTS18,d1,sign_class=17 no entry x2,major,decision,,,
GTS18,d2,relevance=relevant x2,critical,decision,,,
GTS14,d1,label=traffic_sign x2 trên cùng cột,major,decision,,,
GTS14,d2,relevance=relevant cho cả 2 biển,major,decision,,,
GTS14,d3,geometry: không gộp 2 biển vào 1 box,minor,geometry,,,
GTS21,d1,sign_class=30 snow; relevance=relevant,major,decision,,,
GTS21,d2,readable=uncertain hoặc no cho biển priority 11 ở xa,minor,decision,,,
GTS26,d1,sign_family=danger cho bend; prohibitory cho speed 50,major,decision,,,
GTS26,d2,relevance=relevant cho cả 2 biển,major,decision,,,
