sample_id,decision_id,expected,severity,rationale
GTS22,d1,"label=traffic_sign x3",major,"Có 3 biển báo riêng biệt: 2 biển STOP hai bên ngã tư và 1 biển keep right trên đảo tam giác"
GTS22,d2,"relevance=relevant (biển stop bên phải)",critical,"Biển STOP cắm trực tiếp bên phải làn xe bắt buộc ego dừng hoàn toàn trước vạch dừng"
GTS22,d3,"relevance=relevant (biển stop bên trái)",critical,"Biển STOP cắm bổ sung bên trái ngã tư tăng khả năng quan sát cùng có hiệu lực dừng xe"
GTS22,d4,"geometry: box [439, 401, 488, 452] ôm khít viền bát giác",minor,"Box ôm khít mép viền ngoài cùng mặt biển STOP dung sai <= 3px không lấy cột"
GTS18,d1,"sign_class=17 no entry x2",major,"Nhận diện đúng mã biển cấm đi vào 17 cho cả hai biển cắm hai bên đường"
GTS18,d2,"relevance=relevant x2",critical,"Cả hai biển cấm đi vào đều có hiệu lực trực tiếp cấm ego tiến vào đường một chiều ngược lại"
GTS14,d1,"label=traffic_sign x2 trên cùng cột",major,"Phải vẽ 2 box riêng biệt cho biển hình thoi priority road và biển tròn speed limit 50"
GTS14,d2,"relevance=relevant cho cả 2 biển",major,"Cả hai biển đều có hiệu lực trực tiếp khống chế tốc độ và quyền ưu tiên của xe ego"
GTS14,d3,"geometry: không gộp 2 biển vào 1 box",minor,"Hai bounding box độc lập ôm khít từng mặt biển riêng biệt không chồng lấn mép"
GTS21,d1,"sign_class=30 snow; relevance=relevant",major,"Biển cảnh báo tuyết lớn ở gần cắm bên phải đường có hiệu lực trực tiếp cảnh báo ego"
GTS21,d2,"readable=uncertain hoặc no cho biển priority 11 ở xa",minor,"Biển 11 ở cự ly xa bên trái không đọc rõ ký hiệu chi tiết readable không được đánh yes"
GTS26,d1,"sign_family=danger cho bend; prohibitory cho speed 50",major,"Phân loại đúng họ biển cảnh báo nguy hiểm và cấm hạn chế tốc độ"
GTS26,d2,"relevance=relevant cho cả 2 biển",major,"Cả biển cảnh báo đường cong và giới hạn tốc độ 50 đều áp dụng cho chiều đi của ego"
